{
    "energy_maes": [
        0.15215107798576355,
        0.03275442123413086,
        0.018969058990478516,
        0.3412318229675293,
        0.21410739421844482,
        0.0205356627702713,
        0.021047115325927734,
        0.058832645416259766,
        0.17274737358093262,
        0.3066030740737915,
        0.4325261116027832,
        0.3477516174316406,
        0.26460933685302734,
        0.23947620391845703,
        0.04887247085571289,
        0.2150874137878418,
        0.46613311767578125,
        0.24606537818908691,
        0.3533066511154175,
        0.07626372575759888,
        0.4741029739379883,
        0.05687418580055237,
        0.303783655166626,
        0.0332331657409668,
        0.2384335994720459,
        0.4770129919052124,
        0.15976500511169434,
        0.14990901947021484,
        0.30995798110961914,
        0.30194091796875,
        0.2586507797241211,
        0.3337421417236328,
        0.3704228401184082,
        0.3757472485303879,
        0.2112724781036377,
        0.041295528411865234,
        0.4177567958831787,
        0.25339365005493164,
        0.13145732879638672,
        0.10854911804199219,
        0.3409433364868164,
        0.23781967163085938,
        0.1707768440246582,
        0.3958148956298828,
        0.033141136169433594,
        0.036764442920684814,
        0.2362222522497177,
        0.4393148422241211,
        0.033762454986572266,
        0.22110247611999512
    ],
    "forces_maes": [
        0.0502436508735021,
        0.46090469000831485,
        0.4054391147598388,
        0.4123455181954399,
        0.23316515154308742,
        0.2936521489468832,
        0.4067667072254514,
        0.3788531171897101,
        0.33106140614975066,
        0.27721101897103445,
        0.48243227506440783,
        0.478734371681062,
        0.42708955539597404,
        0.15415371493214652,
        0.6507062303523222,
        0.2926969315324511,
        0.31332398392260075,
        0.3359618863416097,
        0.40949671987503294,
        0.26098913900435916,
        0.5393241459415072,
        0.25653076497098753,
        0.2957989216323883,
        0.4982097333385831,
        0.5005180892490205,
        0.38334752713877057,
        0.26623704225297956,
        0.44025668253501254,
        0.4880565783334157,
        0.2174017940248762,
        0.2932679768769987,
        0.18057087300315736,
        0.28245667994968476,
        0.4150915460454093,
        0.36285429696242016,
        0.25998552782194956,
        0.32849179042710197,
        0.35363382786985426,
        0.19936715373917233,
        0.28674721788792384,
        0.2858555894049387,
        0.22129191067956744,
        0.17813604857240403,
        0.29942771555885433,
        0.44604345683067564,
        0.39523226933346856,
        0.2830826001507895,
        0.2552768729981922,
        0.313902323208158,
        0.48055483897527057
    ]
}