{
    "energy_maes": [
        0.15215107798576355,
        0.03275442123413086,
        0.018969058990478516,
        0.3412318229675293,
        0.21410739421844482,
        0.0205356627702713,
        0.021047115325927734,
        0.058832645416259766,
        0.17274737358093262,
        0.3066030740737915,
        0.4325261116027832,
        0.3477516174316406,
        0.26460933685302734,
        0.23947620391845703,
        0.04887247085571289,
        0.2150874137878418,
        0.46613311767578125,
        0.24606537818908691,
        0.3533066511154175,
        0.07626372575759888,
        0.4741029739379883,
        0.05687418580055237,
        0.303783655166626,
        0.0332331657409668,
        0.2384335994720459,
        0.4770129919052124,
        0.15976500511169434,
        0.14990901947021484,
        0.30995798110961914,
        0.30194091796875,
        0.2586507797241211,
        0.3337421417236328,
        0.3704228401184082,
        0.3757472485303879,
        0.2112724781036377,
        0.041295528411865234,
        0.4177567958831787,
        0.25339365005493164,
        0.13145732879638672,
        0.10854911804199219,
        0.3409433364868164,
        0.23781967163085938,
        0.1707768440246582,
        0.3958148956298828,
        0.033141136169433594,
        0.036764442920684814,
        0.2362222522497177,
        0.4393148422241211,
        0.033762454986572266,
        0.22110247611999512
    ],
    "energy_mean": 0.22364070862531663,
    "energy_std": 0.13989514350515572,
    "forces_maes": [
        0.05024344462250906,
        0.46090458309839644,
        0.40543933993294123,
        0.4123459117753165,
        0.23316503611821976,
        0.29365152830169317,
        0.4067659124968544,
        0.37885344832662554,
        0.33106129829372677,
        0.27721120819212897,
        0.482432511590776,
        0.4787340660889943,
        0.427089211013582,
        0.15415384549470174,
        0.6507072180864357,
        0.29269706398721723,
        0.3133243765563719,
        0.3359615859531221,
        0.4094965410610986,
        0.26098901364538407,
        0.5393244070666177,
        0.25653149914883433,
        0.2957979386288022,
        0.4982099026914627,
        0.5005177940641131,
        0.3833474050911646,
        0.26623662407436066,
        0.44025682918136083,
        0.48805634559146943,
        0.21740215543716673,
        0.29326830754086136,
        0.18057077650039915,
        0.2824570546074519,
        0.41509134736326003,
        0.3628543650820142,
        0.25998610305407693,
        0.3284919834326184,
        0.35363440877861446,
        0.19936684199741908,
        0.286747436438288,
        0.28585558088998947,
        0.22129182363786395,
        0.17813664887632644,
        0.2994274828169081,
        0.44604312001712737,
        0.3952322920399999,
        0.28308167296742637,
        0.255277535272023,
        0.3139023023938376,
        0.48055512659133426
    ],
    "forces_mean": 0.34124360511818574,
    "forces_std": 0.11260537220374305
}