{"energy_maes": [97195.96231805731, 97196.00832950522, 97195.95263111044, 97195.98181044508, 97195.93324958731, 97196.04280197073, 97195.98643004347, 97195.930260772, 97196.01632844855, 97195.948336715, 97195.91091739584, 97195.9261696284, 97195.97380554129, 97195.99715387274, 97195.88810872484, 97196.00078355719, 97195.93272792746, 97196.02445008804, 97195.97490763117, 97195.95305907179, 97195.8992944007, 97195.82953845907, 97195.89819180418, 97196.13762485434, 97195.9197508042, 97195.9410363381, 97196.01432144095, 97195.92845618178, 97195.93997060705, 97195.84654005815, 97195.86828338553, 97196.00654136587, 97195.96066963125, 97195.94306422223, 97196.05546533514, 97196.08040344168, 97195.80249869276, 97195.93953954626, 97196.05093919684, 97195.93287383963, 97195.82915579726, 97196.05355250288, 97195.87512123038, 97195.90304934431, 97195.86778485228, 97195.97855615069, 97195.92451703001, 97195.95142805029, 97195.96345793654, 97195.97725498129], "forces_maes": [0.06487357837182504, 0.09900982512368096, 0.9254526534566173, 0.09574611209056995, 0.1314019582889698, 0.1383462310941131, 0.16402166419559056, 0.10743211154584531, 0.09299635997524967, 0.13196547729549585, 0.6182986939394916, 0.13699998237468577, 0.08603798018561469, 0.047693451245625816, 0.22331453694237602, 0.21729967770753084, 0.19302496645185682, 0.11590720878707038, 0.2151143021053738, 0.13479117000544513, 0.11552047508734244, 0.07157798828902068, 0.2141733514489951, 0.25647376312149894, 0.10444244356067092, 0.08260308964936822, 0.2310274530340124, 0.12100202948958785, 0.06731716791788737, 0.23291263977686563, 0.1035392008445881, 0.13333092905856944, 0.151440284870289, 0.13838416558724861, 0.4634925816897993, 0.31974458915215953, 0.16881758636898464, 0.09219341076634548, 0.39514715914373044, 0.09958928381955182, 0.1386074975684837, 0.10270796329886825, 0.28024105700077834, 0.16291909747653538, 0.3324092538268478, 0.1768790284792582, 0.2329743824623249, 0.1697422762711843, 0.11708446564497771, 0.09556336838890005]}