{
    "energy_maes": [
        0.2776017189025879,
        0.23159027099609375,
        0.2872886657714844,
        0.25810933113098145,
        0.3066701889038086,
        0.19711780548095703,
        0.25348973274230957,
        0.3096590042114258,
        0.22359132766723633,
        0.2915830612182617,
        0.32900238037109375,
        0.31375014781951904,
        0.2661142349243164,
        0.2427659034729004,
        0.3518110513687134,
        0.2391362190246582,
        0.3071918487548828,
        0.21546968817710876,
        0.26501214504241943,
        0.28686070442199707,
        0.3406253755092621,
        0.4103813171386719,
        0.34172797203063965,
        0.102294921875,
        0.32016897201538086,
        0.29888343811035156,
        0.22559833526611328,
        0.3114635944366455,
        0.29994916915893555,
        0.39337971806526184,
        0.37163639068603516,
        0.23337841033935547,
        0.2792501449584961,
        0.29685555398464203,
        0.18445444107055664,
        0.1595163345336914,
        0.4374210834503174,
        0.30038022994995117,
        0.1889805793762207,
        0.30704593658447266,
        0.4107639789581299,
        0.18636727333068848,
        0.36479854583740234,
        0.3368704319000244,
        0.3721349239349365,
        0.2613636255264282,
        0.3154027462005615,
        0.28849172592163086,
        0.2764618396759033,
        0.262664794921875
    ],
    "energy_mean": 0.28665054470300677,
    "energy_std": 0.06648113535313568,
    "forces_maes": [
        0.06487357837182504,
        0.09900982512368096,
        0.9254526534566173,
        0.09574611209056995,
        0.1314019582889698,
        0.1383462310941131,
        0.16402166419559056,
        0.10743211154584531,
        0.09299635997524967,
        0.13196547729549585,
        0.6182986939394916,
        0.13699998237468577,
        0.08603798018561469,
        0.047693451245625816,
        0.22331453694237602,
        0.21729967770753084,
        0.19302496645185682,
        0.11590720878707038,
        0.2151143021053738,
        0.13479117000544513,
        0.11552047508734244,
        0.07157798828902068,
        0.2141733514489951,
        0.25647376312149894,
        0.10444244356067092,
        0.08260308964936822,
        0.2310274530340124,
        0.12100202948958785,
        0.06731716791788737,
        0.23291263977686563,
        0.1035392008445881,
        0.13333092905856944,
        0.151440284870289,
        0.13838416558724861,
        0.4634925816897993,
        0.31974458915215953,
        0.16881758636898464,
        0.09219341076634548,
        0.39514715914373044,
        0.09958928381955182,
        0.1386074975684837,
        0.10270796329886825,
        0.28024105700077834,
        0.16291909747653538,
        0.3324092538268478,
        0.1768790284792582,
        0.2329743824623249,
        0.1697422762711843,
        0.11708446564497771,
        0.09556336838890005
    ],
    "forces_mean": 0.1862317184855541,
    "forces_std": 0.14948607678765255
}