{
    "energy_maes": [
        0.0822608470916748,
        0.20147991180419922,
        0.0795283317565918,
        0.2016160786151886,
        0.14749512821435928,
        0.025266647338867188,
        0.0652130339294672,
        0.15407061576843262,
        0.1654219627380371,
        0.03084707260131836,
        0.0029807090759277344,
        0.14021873474121094,
        0.013826370239257812,
        0.00255584716796875,
        0.024187713861465454,
        0.17997290939092636,
        0.3235839605331421,
        0.10424327850341797,
        0.0954749584197998,
        0.2750425338745117,
        0.12164783477783203,
        0.07128572463989258,
        0.17554664611816406,
        0.1081233024597168,
        0.07312226295471191,
        0.14950129389762878,
        0.12459802627563477,
        0.13917124271392822,
        0.07721853256225586,
        0.10974574089050293,
        0.015311241149902344,
        0.15829181671142578,
        0.02592945098876953,
        0.14890360832214355,
        0.06129884719848633,
        0.2518186569213867,
        0.21122503280639648,
        0.17616772651672363,
        0.1007232666015625,
        0.19411277770996094,
        0.10289525985717773,
        0.038909196853637695,
        0.13834142684936523,
        0.02472710609436035,
        0.04895162582397461,
        0.0720900297164917,
        0.0635690689086914,
        0.14786078035831451,
        0.320345401763916,
        0.11006081104278564
    ],
    "energy_mean": 0.1175356077030301,
    "energy_std": 0.07711457680458594,
    "forces_maes": [
        0.25413673819491156,
        0.3619954837141214,
        0.23084465938585777,
        0.170177247789171,
        0.15811411318955598,
        0.29092726870267477,
        0.24287944259466948,
        0.3183910780482822,
        0.24381067189905378,
        0.22540069619814554,
        0.13406442823233428,
        0.39080116042384394,
        0.32456228419000077,
        0.18975811865594652,
        0.18943655435685758,
        0.18959148807658088,
        0.26521343199743164,
        0.16460308929284415,
        0.2722485727044167,
        0.4297186688140587,
        0.2723712303020336,
        0.174912264501607,
        0.17563286754820082,
        0.17788252565595838,
        0.2188102967209286,
        0.2139481063242312,
        0.18341990091182567,
        0.2728176902703665,
        0.17455697059631348,
        0.26504048070421926,
        0.13987518350283304,
        0.3589961675030214,
        0.19907601784776757,
        0.23765774374758755,
        0.2059931869239167,
        0.18018859955999586,
        0.12384858686063024,
        0.20833406624970613,
        0.1568372993281594,
        0.2580152377831163,
        0.20547458005172234,
        0.16221397970932433,
        0.217073281330091,
        0.20955566344437776,
        0.23094546022238555,
        0.1962769842810101,
        0.2773610495927709,
        0.16903540712815743,
        0.24053851321891503,
        0.2215626311522943
    ],
    "forces_mean": 0.2274985433886845,
    "forces_std": 0.06532893055752889
}