{
    "energy_maes": [
        0.15984106063842773,
        0.19184398651123047,
        0.409792423248291,
        0.15854096412658691,
        0.1811072826385498,
        0.2794179916381836,
        0.17576313018798828,
        0.2529466152191162,
        0.2234954833984375,
        0.3161797523498535,
        0.33599960803985596,
        0.08744096755981445,
        0.27201318740844727,
        0.263944149017334,
        0.3543872833251953,
        0.019956111907958984,
        0.0011081695556640625,
        0.29203224182128906,
        0.4927029609680176,
        0.39201366901397705,
        0.07103896141052246,
        0.23437070846557617,
        0.3102210760116577,
        0.17075729370117188,
        0.029195785522460938,
        0.06193995475769043,
        0.21680641174316406,
        0.20577499270439148,
        0.5912737846374512,
        0.4272613525390625,
        0.45174455642700195,
        0.22109270095825195,
        0.0018994808197021484,
        0.08114314079284668,
        0.01394498348236084,
        0.19928932189941406,
        0.28932342305779457,
        0.24278020858764648,
        0.27144598960876465,
        0.39908385276794434,
        0.40363550186157227,
        0.19107389450073242,
        0.46876487135887146,
        0.3204154968261719,
        0.22267532348632812,
        0.2416989803314209,
        0.17835044860839844,
        0.152435302734375,
        0.30450180621119216,
        0.12260985374450684
    ],
    "energy_mean": 0.23914152996265328,
    "energy_std": 0.13437387671748824,
    "forces_maes": [
        0.19437852734699845,
        0.09657567242781322,
        0.13858085498213768,
        0.13628810395797095,
        0.21718057927985987,
        0.09732905278603236,
        0.10451231027642886,
        0.18919943862905106,
        0.09231854979104052,
        0.14666053218146166,
        0.21098941378295422,
        0.1704729851335287,
        0.1020429038326256,
        0.1304475700793167,
        0.12488145443300407,
        0.1059708905716737,
        0.29659611359238625,
        0.17041974576810995,
        0.11426000467812021,
        0.18717615554730097,
        0.15167208388447762,
        0.1404345060388247,
        0.154681866367658,
        0.17817545123398304,
        0.3112799972295761,
        0.16642793143788973,
        0.14510795970757803,
        0.20715232690175375,
        0.16458056028932333,
        0.1387725050250689,
        0.11330013846357663,
        0.15756478160619736,
        0.17004625437160334,
        0.16117569524794817,
        0.16291642809907594,
        0.17761769642432532,
        0.18338137865066528,
        0.21281717608386921,
        0.19009164596597353,
        0.029986244936784107,
        0.27749227080494165,
        0.10364910339315732,
        0.14944438923460743,
        0.12693342131872973,
        0.08547320310026407,
        0.21068506191174188,
        0.10159597266465425,
        0.21216528241833052,
        0.1481953600111107,
        0.10406675438086192
    ],
    "forces_mean": 0.15726328612564733,
    "forces_std": 0.053018233609996857
}