{
    "energy_maes": [
        0.09504854679107666,
        0.19980669021606445,
        0.08767402172088623,
        0.23656558990478516,
        0.12375926971435547,
        0.13732177019119263,
        0.08398914337158203,
        0.03552663326263428,
        0.03164839744567871,
        0.14152860641479492,
        0.04148674011230469,
        0.08406376838684082,
        0.023514781147241592,
        0.1939406394958496,
        0.18492722511291504,
        0.10089266300201416,
        0.09947443008422852,
        0.2689228057861328,
        0.04685640335083008,
        0.03051769733428955,
        0.15175437927246094,
        0.11331844329833984,
        0.08491301536560059,
        0.07074165344238281,
        0.08733892440795898,
        0.03797483444213867,
        0.011962890625,
        0.1638016700744629,
        0.012629985809326172,
        0.011712074279785156,
        0.16273784637451172,
        0.023851394653320312,
        0.08892619609832764,
        0.0696868896484375,
        0.2496342658996582,
        0.16315603256225586,
        0.08181339502334595,
        0.011712759733200073,
        0.001014113426208496,
        0.05826759338378906,
        0.06165504455566406,
        0.14129161834716797,
        0.013994216918945312,
        0.019237518310546875,
        0.15163135528564453,
        0.0850210189819336,
        0.05447864532470703,
        0.034821510314941406,
        0.194036602973938,
        0.060975074768066406
    ],
    "energy_mean": 0.09443113572895527,
    "energy_std": 0.06788902666017099,
    "forces_maes": [
        0.1313591056399875,
        0.07380666732788085,
        0.12930572827657064,
        0.15933603710598415,
        0.05399967415465249,
        0.06579224988818169,
        0.06600846714443631,
        0.07421985997094048,
        0.08205568773878945,
        0.20128140449523926,
        0.05854772494898902,
        0.1063153968916999,
        0.11577450434366862,
        0.1070133262210422,
        0.1185031157400873,
        0.07878931081957287,
        0.053683498170640734,
        0.14910845193598005,
        0.1003972022069825,
        0.06991555955674914,
        0.12863628466924032,
        0.05900930199358198,
        0.08501761787467532,
        0.03111990359094408,
        0.041037638319863214,
        0.0739265659203132,
        0.04433306852976481,
        0.07849237124125162,
        0.11819395654731327,
        0.1534181816710366,
        0.20355684790346357,
        0.11152112053500282,
        0.06470014254252116,
        0.06063398387697008,
        0.07071629365285238,
        0.06390434106191,
        0.11102092315753301,
        0.0741636163658566,
        0.07390759521060519,
        0.06817512690193123,
        0.12376464936468336,
        0.11770340303579967,
        0.05977461727129089,
        0.09105843967861599,
        0.08255902263853285,
        0.07685071892208523,
        0.08170830408732097,
        0.05343331760830349,
        0.09199776616361406,
        0.06546477563679218
    ],
    "forces_mean": 0.0911002573710349,
    "forces_std": 0.03739749251550723
}