{
    "energy_maes": [
        0.09407242387533188,
        0.22403812408447266,
        0.16012895107269287,
        0.04442787170410156,
        0.03915667533874512,
        0.11568450927734375,
        0.004155158996582031,
        0.2322833240032196,
        0.06297743320465088,
        0.014995098114013672,
        0.08624422550201416,
        0.07438778877258301,
        0.002166271209716797,
        0.09914016723632812,
        0.30082225799560547,
        0.09834539890289307,
        0.2003803253173828,
        0.16643261909484863,
        0.19458603858947754,
        0.13135433197021484,
        0.09734439849853516,
        0.03234505653381348,
        0.0711369514465332,
        0.06026744842529297,
        0.13086700439453125,
        0.06566238403320312,
        0.04085397720336914,
        0.012040376663208008,
        0.00761723518371582,
        0.2201986312866211,
        0.17455744743347168,
        0.12635207176208496,
        0.011963419616222382,
        0.014560699462890625,
        0.14003849029541016,
        0.2206263542175293,
        0.006884574890136719,
        0.32605934143066406,
        0.07549595832824707,
        0.0626378059387207,
        0.1240224838256836,
        0.013691425323486328,
        0.06527480483055115,
        0.07836341857910156,
        0.18866682052612305,
        0.1385207176208496,
        0.11219614744186401,
        0.022551536560058594,
        0.15702128410339355,
        0.1975342035293579
    ],
    "energy_mean": 0.10682262927293777,
    "energy_std": 0.07933786422864694,
    "forces_maes": [
        0.11799131458004315,
        0.14567309793912703,
        0.13212499022483826,
        0.07093139613668124,
        0.07277869991958141,
        0.40529855754640365,
        0.19953142309613112,
        0.07020772165722317,
        0.1283205979400211,
        0.08296352624893188,
        0.07192588514751858,
        0.12382533815171984,
        0.06663140240642759,
        0.2568863497840034,
        0.2876901742484834,
        0.09115898609161377,
        0.11070052782694499,
        0.15459301074345908,
        0.10155594017770556,
        0.3293068442079756,
        0.22926066567500433,
        0.1197301610890362,
        0.08755412035518223,
        0.16441141813993454,
        0.05427604499790403,
        0.3007099794016944,
        0.09570438000890943,
        0.11727592017915514,
        0.09095752901501125,
        0.1768365999062856,
        0.1391164031293657,
        0.39843857950634426,
        0.1489929457505544,
        0.06721524894237518,
        0.07456315639946196,
        0.176940961016549,
        0.33533011707994675,
        0.08476290851831436,
        0.08615453789631526,
        0.0782916471362114,
        0.057633194658491343,
        0.11535162271724807,
        0.15896439055601755,
        0.07746326840586132,
        0.14320307452645567,
        0.23530744678444332,
        0.1240270800060696,
        0.26916202571656966,
        0.09315226475397746,
        0.1233436365922292
    ],
    "forces_mean": 0.14888454225871506,
    "forces_std": 0.08850657946249262
}